{
  "band": "f814w",
  "selected_psf_ids": [
    0,
    1,
    2,
    5,
    6,
    7,
    8,
    9
  ],
  "base_psf_policy": "brightest_selected_star",
  "base_psf_id": 0,
  "base_psf_center_pix": [
    3703.3695211231843,
    1501.4666171608594
  ],
  "noise_model": "sigma_tot = sqrt(bg_sigma^2 + max(science-bg,0)/EXPTIME)",
  "exptime_sec": 2300.0,
  "background_sigma_scalar": 0.004453595749110992,
  "background_level_scalar": 0.00027567081269808114,
  "svi_iterations": 3000,
  "final_loss": 4562.274450527269,
  "psf_model_shape": [
    49,
    49
  ],
  "n_psf_corr": 0.9725260849629644,
  "rho_psf_corr": 1.4823246471678662,
  "sigma_psf_corr": 0.05692567178251638,
  "model_psf_path": "/mnt/d/lensing/Herculens/DSPL_LensModel/preprocessed/prep_20260419_bgbox_psfsvi_v2_flat/f814w_psf_model_svi.fits"
}