{
  "run_tag": "prep_20260419_bgbox_psfsvi_v2_flat",
  "f475w_center_input_pix": [
    2062.8,
    1151.0
  ],
  "lens_radec_deg": [
    273.59472499035087,
    67.13790538337669
  ],
  "f814w_center_from_radec_float": [
    2064.2981226450534,
    1152.3835071695316
  ],
  "science_cutout_size": [
    100,
    100
  ],
  "background_estimation": {
    "offset_below_target_pix": 200,
    "box_size_pix": 50,
    "min_valid_fraction": 0.9
  },
  "cutouts": {
    "f475w": {
      "center_pix": [
        2063,
        1151
      ],
      "bounds": {
        "x0": 2013,
        "x1": 2113,
        "y0": 1101,
        "y1": 1201,
        "center_x": 2063,
        "center_y": 1151
      },
      "science_path": "/mnt/d/lensing/Herculens/DSPL_LensModel/preprocessed/prep_20260419_bgbox_psfsvi_v2_flat/f475w_lens_cutout_100x100.fits",
      "background_box_path": "/mnt/d/lensing/Herculens/DSPL_LensModel/preprocessed/prep_20260419_bgbox_psfsvi_v2_flat/f475w_background_box_50x50.fits",
      "background_box_info": {
        "center_x": 2063,
        "center_y": 951,
        "x0": 2038,
        "x1": 2088,
        "y0": 926,
        "y1": 976,
        "mean": 0.00011055252308417166,
        "median": 5.1937335229013115e-05,
        "std": 0.0041264806111375625,
        "valid_fraction": 1.0
      },
      "background_sigma_scalar": 0.0041264806111375625,
      "background_level_scalar": 5.1937335229013115e-05,
      "exptime_sec": 2300.0
    },
    "f814w": {
      "center_pix": [
        2064,
        1152
      ],
      "bounds": {
        "x0": 2014,
        "x1": 2114,
        "y0": 1102,
        "y1": 1202,
        "center_x": 2064,
        "center_y": 1152
      },
      "science_path": "/mnt/d/lensing/Herculens/DSPL_LensModel/preprocessed/prep_20260419_bgbox_psfsvi_v2_flat/f814w_lens_cutout_100x100.fits",
      "background_box_path": "/mnt/d/lensing/Herculens/DSPL_LensModel/preprocessed/prep_20260419_bgbox_psfsvi_v2_flat/f814w_background_box_50x50.fits",
      "background_box_info": {
        "center_x": 2064,
        "center_y": 952,
        "x0": 2039,
        "x1": 2089,
        "y0": 927,
        "y1": 977,
        "mean": 0.0003625562221452305,
        "median": 0.00027567081269808114,
        "std": 0.004453595749110992,
        "valid_fraction": 1.0
      },
      "background_sigma_scalar": 0.004453595749110992,
      "background_level_scalar": 0.00027567081269808114,
      "exptime_sec": 2300.0
    }
  }
}