{
  "band": "f475w",
  "selected_psf_ids": [
    1,
    2,
    3,
    0
  ],
  "base_psf_policy": "brightest_selected_star",
  "base_psf_id": 0,
  "base_psf_center_pix": [
    1954.4490086029944,
    3455.6376036350152
  ],
  "noise_model": "sigma_tot = sqrt(bg_sigma^2 + max(science-bg,0)/EXPTIME)",
  "exptime_sec": 2272.0,
  "background_sigma_scalar": 0.004451620042935406,
  "background_level_scalar": 0.0015512200188823044,
  "svi_iterations": 3000,
  "final_loss": -36727.8951192809,
  "psf_model_shape": [
    49,
    49
  ],
  "n_psf_corr": 0.6260585314790668,
  "rho_psf_corr": 4.4612103068914335,
  "sigma_psf_corr": 0.048982059022094473,
  "model_psf_path": "/mnt/d/lensing/Herculens/DSPL_LensModel/BensLens/preprocessed/prep_20260420_benslens_v1/f475w_psf_model_svi.fits"
}