{
  "cutout_size": [
    100,
    100
  ],
  "psf_cutout_size": [
    49,
    49
  ],
  "pixel_grid_shape": 50,
  "priors": {
    "theta_E_main": {
      "low": 0.01,
      "high": 2.03
    },
    "gamma_main": {
      "low": 1.6,
      "high": 2.4
    },
    "q_main": {
      "low": 0.5,
      "high": 1
    },
    "gamma_shear_main": {
      "low": -0.5,
      "high": 0.5
    },
    "center_main": {
      "low": -0.4,
      "high": 0.4
    },
    "phi_main": {
      "low": -1.5707963267948966,
      "high": 1.5707963267948966
    },
    "theta_E_source1": {
      "low": 0.0,
      "high": 0.8
    },
    "eta": {
      "low": 1.0,
      "high": 2.5
    }
  },
  "eta_parametric": 1.0004154787749213,
  "eta_pixelated": 1.0754344212258038,
  "parametric_loss_final": -77179.18290413974,
  "pixelated_loss_final": -77503.900524904,
  "reference_band": "f814w",
  "trace_conjugate_groups": {
    "source1": [
      3,
      4
    ],
    "source2": [
      1,
      2,
      8
    ]
  },
  "use_trace_point_conjugate_prior": false,
  "conjugate_prior_rate": 1000.0,
  "conjugate_json_path": "/users/tianli/LensModelling/DSPL_LensModel/TeaPotLens/preprocessed/prep_20260419_bgbox_psfsvi_v2_flat/f814w_lens_cutout_100x100_conjugate_points.json",
  "trace_point_json_path": "/users/tianli/LensModelling/DSPL_LensModel/TeaPotLens/preprocessed/prep_20260419_bgbox_psfsvi_v2_flat/f814w_lens_cutout_100x100_trace_points.json",
  "conjugate_centroid_fits_xy": [
    51.25,
    62.486049107142854
  ],
  "conjugate_centroid_model_arcsec_by_band": {
    "f475w": [
      0.040903048267415636,
      0.4999174534819148
    ],
    "f814w": [
      0.069335,
      0.5145072656249998
    ]
  },
  "trace_points_model_arcsec_by_band": {
    "f475w": [
      [
        0.8839719904738317,
        0.44443748714566456
      ],
      [
        0.5377602244179862,
        0.8061224090870611
      ],
      [
        0.42235578238247745,
        0.14594747927319224
      ],
      [
        0.054922502286985496,
        0.5072477353463218
      ],
      [
        -0.29186704250234424,
        -0.2703399274991365
      ],
      [
        -0.5327622006407027,
        -0.2534779602775997
      ],
      [
        -0.624615503061515,
        -0.6514079961616644
      ],
      [
        -1.4238309758449694,
        -0.6729709160063272
      ]
    ],
    "f814w": [
      [
        0.9112599999999998,
        0.44375726562499984
      ],
      [
        0.5716600000000001,
        0.8116572656250001
      ],
      [
        0.44431,
        0.15368226562499998
      ],
      [
        0.08348500000000016,
        0.5215822656249999
      ],
      [
        -0.27734,
        -0.24959273437500004
      ],
      [
        -0.5178899999999999,
        -0.2283677343750001
      ],
      [
        -0.6169399999999998,
        -0.6245677343749998
      ],
      [
        -1.4164149999999998,
        -0.6316427343749998
      ]
    ]
  },
  "wcs_relative_geometry_from_reference_band": {
    "f475w": {
      "delta_x_arcsec": -0.01909602297111845,
      "delta_y_arcsec": -0.01576188506016447,
      "delta_phi_rad": 0.018124238115925253,
      "delta_phi_deg": 1.038442350932656
    }
  },
  "bands": {
    "f475w": {
      "filter": "F475W",
      "rms": 0.0041264806111375625,
      "pixel_scale": 0.03961999999999997,
      "science_center_pix": [
        2063,
        1151
      ],
      "background_box_center_pix": [
        2063,
        951
      ],
      "science_cutout_path": "/users/tianli/LensModelling/DSPL_LensModel/TeaPotLens/preprocessed/prep_20260419_bgbox_psfsvi_v2_flat/f475w_lens_cutout_100x100.fits",
      "source1_mask_cutout_path": "/users/tianli/LensModelling/DSPL_LensModel/TeaPotLens/preprocessed/prep_20260419_bgbox_psfsvi_v2_flat/f814w_science_100x100_mask_inner.fits",
      "source2_mask_cutout_path": "/users/tianli/LensModelling/DSPL_LensModel/TeaPotLens/preprocessed/prep_20260419_bgbox_psfsvi_v2_flat/f475w_science_100x100_mask outer.fits",
      "psf_cutout_path": "/users/tianli/LensModelling/DSPL_LensModel/TeaPotLens/preprocessed/prep_20260419_bgbox_psfsvi_v2_flat/f475w_psf_model_svi.fits"
    },
    "f814w": {
      "filter": "F814W",
      "rms": 0.004453595749110992,
      "pixel_scale": 0.039619999999999995,
      "science_center_pix": [
        2064,
        1152
      ],
      "background_box_center_pix": [
        2064,
        952
      ],
      "science_cutout_path": "/users/tianli/LensModelling/DSPL_LensModel/TeaPotLens/preprocessed/prep_20260419_bgbox_psfsvi_v2_flat/f814w_lens_cutout_100x100.fits",
      "source1_mask_cutout_path": "/users/tianli/LensModelling/DSPL_LensModel/TeaPotLens/preprocessed/prep_20260419_bgbox_psfsvi_v2_flat/f814w_science_100x100_mask_inner.fits",
      "source2_mask_cutout_path": "/users/tianli/LensModelling/DSPL_LensModel/TeaPotLens/preprocessed/prep_20260419_bgbox_psfsvi_v2_flat/f475w_science_100x100_mask outer.fits",
      "psf_cutout_path": "/users/tianli/LensModelling/DSPL_LensModel/TeaPotLens/preprocessed/prep_20260419_bgbox_psfsvi_v2_flat/f814w_psf_model_svi.fits"
    }
  },
  "parametric_main_mass": {
    "theta_E": 0.6380881169254694,
    "gamma": 2.3979318591433407,
    "q": 0.9959714307645121,
    "gamma1": 0.06782097237621343,
    "gamma2": 0.1336978316535341,
    "bands": {
      "f475w": {
        "center_x": -0.14482900137409008,
        "center_y": -0.040244565215915185,
        "phi_rad": 0.42448754405743866,
        "phi_deg": 24.321344730364824,
        "source1_sis_center_x": -0.26052737159377937,
        "source1_sis_center_y": -0.12217134297594541
      },
      "f814w": {
        "center_x": -0.126156033688539,
        "center_y": -0.022199969445883205,
        "phi_rad": 0.406363305998773,
        "phi_deg": 23.282902382712905,
        "source1_sis_center_x": -0.24332018072962636,
        "source1_sis_center_y": -0.10201646156295219
      }
    }
  },
  "pixelated_main_mass": {
    "theta_E": 0.642631460008555,
    "gamma": 2.3988116555201433,
    "q": 0.9131864632392207,
    "gamma1": 0.08847377603750395,
    "gamma2": 0.1419223888842941,
    "bands": {
      "f475w": {
        "center_x": -0.17237575047444656,
        "center_y": -0.032776427997576456,
        "phi_rad": -0.3031790461928067,
        "phi_deg": -17.370879783649652,
        "source1_sis_center_x": -0.303496566515457,
        "source1_sis_center_y": -0.11518555514855613
      },
      "f814w": {
        "center_x": -0.1535629116429026,
        "center_y": -0.014233822285902753,
        "phi_rad": -0.3213032841650243,
        "phi_deg": -18.409322126348467,
        "source1_sis_center_x": -0.28615571326618383,
        "source1_sis_center_y": -0.09425307979556397
      }
    }
  }
}